label,weight,norm_weight,class
0,2.712174054312363e-07,0.17701453593020378,NO_SLEEP
1,1.6479278697435233e-06,1.0755474437390329,NREM
2,2.677382416847827e-06,1.7474380203307631,REM
