,count,trimmed_mean,mean,std,min,q1,median,q3,max,iqr,skew,kurtosis,outlier_lower_3sigma,outlier_upper_3sigma,outlier_lower_quantile,outlier_upper_quantile
x,9524733.0,-0.1466320200643477,-0.1334193866870408,0.6175305032514229,-2.796204332006704,-0.6847764042010204,-0.2531583679148314,0.42562961428682,2.0491487378888205,1.1104060184878404,0.0001019769700997,-1.2355811333374742,-1.9860108964413092,1.719172123067228,-2.350385431932781,2.0912386420185807
y,9524733.0,0.0003448035477036,-0.0009561607543045,0.4861207508315392,-4.854121212392371,-0.3447246262326389,0.0148347391317142,0.3416622022639564,4.149211362728778,0.6863868284965953,-2.1010403574434644e-05,-0.5714657400540943,-1.459318413248922,1.457406091740313,-1.3743048689775317,1.3712424450088492
z,9524733.0,0.1620609139869103,0.1460237531986611,0.5663379285440259,-2.981520550196046,-0.2803066635400402,0.2254316961184014,0.6371293333090154,1.3170028910627607,0.9174359968490556,-0.0001256613172715,-0.9564631518296842,-1.5529900324334165,1.8450375388307387,-1.6564606588136237,2.013283328582599
MET,9524733.0,1.5323098475906325,1.6261226834534828,0.8334239062047573,0.9499999999999998,0.9527393047999078,1.4999999999999951,1.9999999999999956,9.0,1.0472606952000876,0.0006666768103401,6.870213515663447,-0.874149035160789,4.1263944020677545,-0.6181517380002237,3.5708910428001266
acc_L2,9524733.0,0.9908826098496812,0.9872890208207613,0.05273358289354206,0.2225216766904007,0.9853793874230874,0.997888277032124,1.003501923596608,5.608673161948141,0.018122536173520665,0.0008310529683623633,233.73226054117725,0.8290882721401351,1.1454897695013875,0.9581955831628064,1.030685727856889
acc_xy_L2,9524733.0,0.7783590931912087,0.7614196775631447,0.23600629110687102,0.0015517120171011,0.6207893780460757,0.83309429195212,0.9541371043973874,5.153966241170296,0.3333477263513117,-0.0002958574206910825,0.609955954519673,0.053400804242531574,1.4694385508837577,0.12076778851910819,1.454158693924355
acc_z_abs,9524733.0,0.5065252183933024,0.506731592723242,0.292035364334007,7.578066603750589e-103,0.24908997395250518,0.5049625873430088,0.7659569939971003,2.981520550196046,0.5168670200445951,2.829771420337652e-06,-1.2405309664486144,-0.36937450027877905,1.382837685725263,-0.5262105561143874,1.541257524063993
